artists_id,acousticness,danceability,disc_number,duration_ms,energy,href,id,instrumentalness,key,liveness,loudness,lyrics,mode,name,playlist,preview_url,speechiness,tempo,time_signature,track_href,uri,valence,release_date,artists_name,genres,release_year
46njgd2Rq9tZc4ZjeQMgbh,0.054,0.737,1.0,179533.0,0.443,https://api.spotify.com/v1/tracks/1bDjowPMtoft6kd33wUkof,1bDjowPMtoft6kd33wUkof,0.00614,7.0,0.0673,-12.171,"
(What can I say?)
(What can I do?)
3 AM, it's me again, wouldn't you know?
Things would have to end this way
I did my best the perfect guest knew when to go
Perfect you knew when to stay
Come on, tell me that you love me, dear
I've been feeling down some too
After all, it's time I made it clear
I've been waiting just for you
(What can I say?) Oh, you make me know, baby
(What can I do?) To show you that I care
(What can I say?) Got to have your number, baby
(What can I do?)
Dodododo....
Can't you see the people who stop and stare
Don't it make you wonder why?
I just happened to be standing there
Can't you see it in my eye?
(What can I say?) You got me acting like a fool, girl
(What can I do?) Stop making like a little school, girl
(What can I say?) Could be your lucky day, baby
(What can I do?)
Ooooh, it's hot
Ooohooo, it's hot, little girl
Ooooooo talking girl
(What can I say?) Oh, you make me know, baby
(What can I do?) To show you that I care
(What can I say?) Oh, I got down on my knees
(What can I do?)
Please, please, what can I say?
(What can I do?)
(What can I do?) Oooh, what can I do
(What can I say?) What can I say, baby?
(What can I say?)
",1.0,What Can I Say,Soulful Disco,https://p.scdn.co/mp3-preview/87150746e646c5150c17c55d883dc1240411cacd?cid=b3cdb16d0df2409abf6a8f6c2f6c2e0c,0.0331,115.16,4.0,https://api.spotify.com/v1/tracks/1bDjowPMtoft6kd33wUkof,1bDjowPMtoft6kd33wUkof,0.815,1997,Boz Scaggs,folk,1997.0
5hW4L92KnC6dX9t7tYM4Ve,0.868,0.258,1.0,345400.0,0.139,https://api.spotify.com/v1/tracks/1pjATX7sbd6Y4jMVqIvzHk,1pjATX7sbd6Y4jMVqIvzHk,0.00149,2.0,0.1,-13.522,"


Rows and flows of angel hair
And ice cream castles in the air
And feather canyons everywhere
I've looked at clouds that way
But now they only block the sun
They rain and they snow on everyone
So many things I would have done
But clouds got in my way

I've looked at clouds from both sides now
From up and down, and still somehow
It's cloud illusions I recall
I really don't know clouds at all

Moons and Junes and Ferris wheels
The dizzy dancing way that you feel
As every fairy tale comes real
I've looked at love that way
But now it's just another show
And you leave 'em laughing when you go
And if you care, don't let them know
Don't give yourself away

I've looked at love from both sides now
From give and take, and still somehow
It's love's illusions that I recall
I really don't know love
I really don’t know love at all

Tears and fears and feeling proud
To say ""I love you"" right out loud
Dreams and schemes and circus crowds
I've looked at life that way
Oh, but now old friends they’re acting strange
And they shake their heads, and they tell me that I've changed
Well something's lost but something's gained
In living every day

I've looked at life from both sides now
From win and lose and still somehow
It's life's illusions I recall
I really don't know life
At all

It's life's illusions that I recall
I really don't know life
I really don’t know life at all
",1.0,Both Sides Now,Katie Couric,https://p.scdn.co/mp3-preview/aa20d694c9af36089f24379e2413aff8a3404fe2?cid=b3cdb16d0df2409abf6a8f6c2f6c2e0c,0.0317,77.995,4.0,https://api.spotify.com/v1/tracks/1pjATX7sbd6Y4jMVqIvzHk,1pjATX7sbd6Y4jMVqIvzHk,0.139,2000-03-20,Joni Mitchell,folk,2000.0
74ASZWbe4lXaubB36ztrGX,0.63,0.393,1.0,348560.0,0.416,https://api.spotify.com/v1/tracks/32gGuJXlLJbKCk3MDfW53y,32gGuJXlLJbKCk3MDfW53y,0.00791,9.0,0.986,-13.243,"

I'm only pretty sure that I can't take anymore
Before you take a swing
I wonder what are we fighting for
When I say out loud
""I want to get out of this""
I wonder is there anything
I'm going to miss

I wonder how it's going to be
When you don't know me
How's it going to be
When you're sure I'm not there
How's it going to be
When there's no one there to talk to
Between you and me
'Cause I don't care
How's it going to be
How's it going to be

Where we used to laugh
There's a shouting match
Sharp as a thumbnail scratch
A silence I can't ignore
Like the hammock by the
Doorway we spent time in, swings empty
Don't see lightning like last fall
When it was always about to hit me

I wonder how's it going to be
When it goes down
How's it going to be
When you're not around
How's it going to be
When you found out there was nothing
Between you and me
Cause I don't care
How's it going to be
How's it going to be

And how's it going to be
When you don't know me anymore
And how's it going to be
Want to get myself back in again
The soft dive of oblivion
I want to taste the salt of your skin
The soft dive of oblivion (Oblivion)

How's it going to be
When you don't know me anymore
How's it going to be?
How's it going to be?
",1.0,"The Times They Are A-Changin' - Live at Sony Music Studios, New York, NY - November 1994",90s Acoustic,https://p.scdn.co/mp3-preview/945c803906c8ba2a13d2139bf258f814e62bbce2?cid=b3cdb16d0df2409abf6a8f6c2f6c2e0c,0.0401,163.604,3.0,https://api.spotify.com/v1/tracks/32gGuJXlLJbKCk3MDfW53y,32gGuJXlLJbKCk3MDfW53y,0.512,1995-04-25,Bob Dylan,folk,1995.0
2qc41rNTtdLK0tV3mJn2Pm,0.0702,0.594,1.0,318333.0,0.262,https://api.spotify.com/v1/tracks/0lngUitwRDbvZ5yVO76dVN,0lngUitwRDbvZ5yVO76dVN,0.00269,10.0,0.256,-10.573,"

When they call your name
Will you walk right up
With a smile on your face?
Will you cower in fear?
In your favorite sweater
With an old love letter

I wish you would
I wish you would

Come pick me up
Take me out
Fuck me up
Steal my records
Screw all my friends
They're all full of shit
With a smile on your face
And then do it again
I wish you would

When you're walking down town
Do you wish I was there?
Do you wish it was me?
With the windows clear
And the mannequins eyes
Do they all look like mine?

You know you could
I wish you would

Come pick me up
Take me out
Fuck me up
Steal my records
Screw all my friends
Behind my back
With a smile on your face
And then do it again
I wish you would

I wish you'd make up my bed
So I could make up my mind
Try it for sleeping instead
Maybe you'll rest sometime
I wish I could
I wish I could
I wish I could
",1.0,Come Pick Me Up,Roots Revival,https://p.scdn.co/mp3-preview/81bb71572a63fa1092555bdc50b3fccc27e14398?cid=b3cdb16d0df2409abf6a8f6c2f6c2e0c,0.0341,123.518,4.0,https://api.spotify.com/v1/tracks/0lngUitwRDbvZ5yVO76dVN,0lngUitwRDbvZ5yVO76dVN,0.216,2000-09-05,Ryan Adams,folk,2000.0
0vn7UBvSQECKJm2817Yf1P,0.502,0.694,1.0,236667.0,0.51,https://api.spotify.com/v1/tracks/0nILp5SpecXFvJQotZe48y,0nILp5SpecXFvJQotZe48y,0.128,4.0,0.112,-10.804,"

Well I'm-a going back down maybe one more time
Deep down home, October road
And I might like to see that little friend of mine
That I left behind once upon a time
Oh, promised land and me still standing
It's a test of time, it's a real good sign

Let the sun run down right behind the hill
I know how to stand there still
'Till the moon rise up behind the pine, oh Lord
October road
October road
October road

It's the big-time life that I can't abide
Raise my rent, tan my hide
Sweet call of the countryside
Go down slow, open wide
I did my time and it changed my mind
I'm satisfied, oh

(I got so)
I got so low down, fed up, my God, I could hardly move
(I could hardly move)
Won't you come on, my brother
Get on up
(Yeah)
And help me find my groove

Keep me walking, October road
Keep me walking in the sunshine, yeah
A little friend of mine
October road
Help me now
October road
Ohhohh
",1.0,October Road,Easy On Sunday,https://p.scdn.co/mp3-preview/2fee09555fd4e1b3a2713ad3de12f8f6f49fc281?cid=b3cdb16d0df2409abf6a8f6c2f6c2e0c,0.0355,144.947,3.0,https://api.spotify.com/v1/tracks/0nILp5SpecXFvJQotZe48y,0nILp5SpecXFvJQotZe48y,0.384,2000,James Taylor,folk,2000.0
2UBTfUoLI07iRqGeUrwhZh,0.24,0.421,1.0,185000.0,0.946,https://api.spotify.com/v1/tracks/1KnilWyiAb1Jwa9QJXZGMN,1KnilWyiAb1Jwa9QJXZGMN,0.00255,2.0,0.504,-5.101,"
Well, I took a stroll on the old long walk
Of a day-i-ay-i-ay
I met a little girl and we stopped to talk
Of a fine soft day-i-ay
And I ask you, friend, what's a fella to do
Because her hair was black and her eyes were blue
And I knew right then I'd be taking a whirl
Around the Salthill prom with a Galway girl
We were halfway there when the rain came down
Of a day-i-ay-i-ay
And she asked me up to her flat down town
Of a fine soft day-i-ay
And I ask you, friend, what's a fella to do
Because her hair was black and her eyes were blue
So I took her hand and I gave her a twirl
And I lost my heart to a Galway girl
When I woke up I was all alone
With a broken heart and a ticket home
And I ask you now, tell me what would you do
If her hair was black and her eyes were blue
'Cause I've traveled around, I've been all over this world
Boys I ain't never seen nothing like a Galway girl
",1.0,The Galway Girl,Alt Country Classics,https://p.scdn.co/mp3-preview/d3db830e29503b9118b09be99cd96124107f0ad6?cid=b3cdb16d0df2409abf6a8f6c2f6c2e0c,0.0767,169.712,4.0,https://api.spotify.com/v1/tracks/1KnilWyiAb1Jwa9QJXZGMN,1KnilWyiAb1Jwa9QJXZGMN,0.848,2000-06-06,Steve Earle,folk,2000.0
5zaXYwewAXedKNCff45U5l,0.518,0.683,1.0,155133.0,0.708,https://api.spotify.com/v1/tracks/1683Q5FUEQ4fIG2f87MAW4,1683Q5FUEQ4fIG2f87MAW4,2.08e-05,4.0,0.175,-6.852,"

In the cool of the evening
When everything is gettin' kind of groovy
You call me up and ask me
Would I like to go with you and see a movie
First I say no, I've got some plans for the night
And then I stop
And say ""all right""
Love is kinda crazy with a spooky little boy like you

You always keep me guessin'
I never seem to know what you are thinking
And if a girl looks at you
It's for sure your little eye will be a-winkin'
I get confused, I never know where I stand
And then you smile
And hold my hand
Love is kinda crazy with a spooky little boy like you
Spooky

If you decide someday to stop this little game that you are playing
I'm gonna tell you all the things my heart's been a-dyin' to be saying
Just like a ghost you've been a-hauntin' my dreams
But now I know
You're not what you seem
Love is kinda crazy with a spooky little boy like you

Spooky, spooky, oh whoa, all right
Spooky, oh yea yea
I said Spooky yea yea
",0.0,Spooky,Guys We F@#ked with Krystyna Hutchinson & Corinne Fisher,https://p.scdn.co/mp3-preview/1e13edcb5b20028b4a5f4bfe7172f0cfeeef9f29?cid=b3cdb16d0df2409abf6a8f6c2f6c2e0c,0.0289,106.446,4.0,https://api.spotify.com/v1/tracks/1683Q5FUEQ4fIG2f87MAW4,1683Q5FUEQ4fIG2f87MAW4,0.969,1998,Dusty Springfield,folk,1998.0
2qc41rNTtdLK0tV3mJn2Pm,0.523,0.491,1.0,297333.0,0.117,https://api.spotify.com/v1/tracks/2Zcr8xMMZyNT5wMsj3SWmw,2Zcr8xMMZyNT5wMsj3SWmw,4.86e-06,2.0,0.0934,-14.791,"

I went down to Houston and I stopped in San Antone
I passed up the station for the bus
I was trying to find me something
But I wasn't sure just what
Man I ended up with pockets full of dust
So I went on to Cleveland and I ended up insane
I bought a borrowed suit and learned to dance
And I was spending money like the way it likes to rain
Man I ended up with pockets full of cane

Oh my sweet Carolina
What compels me to go
Oh my sweet disposition
May you one day carry me home

I ain't never been to Vegas but I gambled up my life
Building newsprint boats I race to sewer mains
Trying to find me something but I wasn't sure just what
Funny how they say that some things never change

Oh my sweet Carolina
What compels me to go
Oh my sweet disposition
May you one day carry me home


Up here in the city it feels like things are closing in
The sunset's just my light bulb burning out
I miss Kentucky and I miss my family
All the sweetest winds they blow across the south

Oh my sweet Carolina
What compels me to go
Oh my sweet disposition
May you one day carry me home
May you one day carry me home
",1.0,Oh My Sweet Carolina,Americana Roadtrip,https://p.scdn.co/mp3-preview/c9abd728b4baca577d8de68209e0cc863c242acd?cid=b3cdb16d0df2409abf6a8f6c2f6c2e0c,0.0394,131.806,4.0,https://api.spotify.com/v1/tracks/2Zcr8xMMZyNT5wMsj3SWmw,2Zcr8xMMZyNT5wMsj3SWmw,0.27,2000-09-05,Ryan Adams,folk,2000.0
0Lpr5wXzWLtDWm1SjNbpPb,0.0563,0.578,1.0,264093.0,0.848,https://api.spotify.com/v1/tracks/2ckXnzyvgva2oE9FWjb405,2ckXnzyvgva2oE9FWjb405,0.00426,5.0,0.0963,-6.842,"
2,3 ... 1, 2, 3 ... 1, ah 2,, ah 1, 2, 3

Hello, it's me
I've thought about us for a long, long time
Maybe I think too much but something's wrong
There's something here that doesn't last too long
Maybe I shouldn't think of you as mine

Seeing you
Or seeing anything as much as I do you
I take for granted that you're always there
I take for granted that you just don't care
Sometimes I can't help seeing all the way through

It's important to me
That you know you are free
'Cause I never want to make you change for me

Think of me
You know that I'd be with you if I could
I'll come around to see you once in a while
Or if I ever need a reason to smile
And spend the night if you think I should

It's important to me
That you know you are free
'Cause I never want to make you change for me

Think of me
You know that I'd be with you if I could
I'll come around to see you once in a while
Or if I ever need a reason to smile
And spend the night if you think I should

Think of me, think of me, think of me
Think of me, think of me, think of me
Think of me, think of me, think of me
Think of me, think of me, think of me
Think of me, think of me, think of me
Think of me, think of me, think of me
Think of me, think of me, think of me
",1.0,Hello It's Me,Digitando...,https://p.scdn.co/mp3-preview/8c434a03b4f175af93b61cf85162f09422b8e3be?cid=b3cdb16d0df2409abf6a8f6c2f6c2e0c,0.0261,87.246,4.0,https://api.spotify.com/v1/tracks/2ckXnzyvgva2oE9FWjb405,2ckXnzyvgva2oE9FWjb405,0.779,1997-07-29,Todd Rundgren,folk,1997.0
70cRZdQywnSFp9pnc2WTCE,0.407,0.757,1.0,174667.0,0.859,https://api.spotify.com/v1/tracks/3fXaVIXlG8Eu7Xq9xa8tw2,3fXaVIXlG8Eu7Xq9xa8tw2,1.29e-05,4.0,0.133,-9.621,"

I took my love and I took it down
I climbed a mountain and I turned around
And I saw my reflection in the snow-covered hills
Till the landslide brought me down
Oh, mirror in the sky
What is love?
Can the child within my heart rise above?
Can I sail through the changing ocean tides?
Can I handle the seasons of my life?
Hmmmm

Well, I've been afraid of changing
'Cause I've built my life around you
But time makes you bolder
Even children get older
I'm getting older too

Well, I've been afraid of changing
'Cause I've built my life around you
But time makes you bolder
Even children get older
And I'm getting older too
Oh, I'm getting older too

I took my love, I took it down
Oh if you climb a mountain and turned around
And If you see my reflection in the snow-covered hills
Well the landslide will bring you down
And If you see my reflection in the snow covered hills
Well the landslide will bring you down
Oh, the landslide will bring it down
",0.0,Cecilia,Yacht Rock,https://p.scdn.co/mp3-preview/7a125855754344df1c3baecd4d34b2b7a7b1b0be?cid=b3cdb16d0df2409abf6a8f6c2f6c2e0c,0.0347,102.758,4.0,https://api.spotify.com/v1/tracks/3fXaVIXlG8Eu7Xq9xa8tw2,3fXaVIXlG8Eu7Xq9xa8tw2,0.954,1999-08-01,Simon & Garfunkel,folk,1999.0
5hW4L92KnC6dX9t7tYM4Ve,0.94,0.638,1.0,308013.0,0.185,https://api.spotify.com/v1/tracks/6DWrIR5yIbe95e3lZDiuDD,6DWrIR5yIbe95e3lZDiuDD,0.0,5.0,0.11,-13.233,"
I awoke today and found the frost
Perched on the town
It hovered in a frozen sky, then it
Gobbled summer down
When the sun turns traitor cold and all
The trees are shivering in a naked row
I get the urge for going
But I never seem to go
I get the urge for going
When the meadow grass is turning brown
Summertime is falling down and winter
Is closing in
I had me a man in summertime
He had summer-colored skin
And not another girl in town
My darling's heart could win
But when the leaves fell on the ground
Bully winds came around, pushed them face
Down in the snow
He got the urge for going
And I had to let him go
He got the urge for going
When the meadow grass was turning brown
Summertime was falling down and winter
Was closing in
Now the warriors of winter they gave a
Cold triumphant shout
And all that stays is dying and all that
Lives is camping out
See the geese in chevron flight flapping
And racing on before the snow
They got the urge for going
And they got the wings so they can go
They get the urge for going
When the meadow grass is turning brown
Summertime is falling down and winter
Is closing in
Apply the fire with kindling now
I'll pull the blankets up to my chin
I""ll lock the vagrant winter out and
I'll fold my wandering in
I'd like to call back summertime
Have her stay for just another
Month or so
But she's got the urge for gong
So I guess she'll have to go
She gets the urge for going
When the meadow grass is turning brown
All her empire's falling down
And winter's closing in
And I get the urge for going
When the meadow grass is turning brown
And summertime is falling down
",1.0,Urge for Going,This Is Joni Mitchell,https://p.scdn.co/mp3-preview/e0d507065574b952ec270cadbc17d3c32a561acb?cid=b3cdb16d0df2409abf6a8f6c2f6c2e0c,0.033,115.07,4.0,https://api.spotify.com/v1/tracks/6DWrIR5yIbe95e3lZDiuDD,6DWrIR5yIbe95e3lZDiuDD,0.465,1996-10-29,Joni Mitchell,folk,1996.0
6waa8mKu91GjzD4NlONlNJ,0.257,0.275,1.0,244180.0,0.403,https://api.spotify.com/v1/tracks/1ovu8lOVW8uD5FjWICAxpy,1ovu8lOVW8uD5FjWICAxpy,0.000526,4.0,0.222,-11.014,"
If I could make a wish
I think I'd pass
Can't think of anythin I need
No cigarettes, no sleep, no light, no sound
Nothing to eat, no books to read
Making love with you
Has left me peaceful, warm, and tired
What more could I ask
There's nothing left to be desired
Peace came upon me and it leaves me weak
So sleep, silent angel
Go to sleep
Sometimes, all I need is the air that I breathe
And to love you
All I need is the air that I breathe
Yes to love you
All I need is the air that I breathe
Peace came upon me
And it leaves me weak
So sleep, silent angel
Go to sleep
Sometimes, all I need is the air that I breathe
And to love you
All I need is the air that I breathe
Yes to love you
All I need is the air that I breathe
Sometimes, all I need is the air that I breathe
And to love you
All I need is the air that I breathe
Yes to love you
All I need is the air that I breathe
And to love you
All I need is the air that I breathe
Yes to love you
",0.0,The Air That I Breathe,Walking Back To Happiness,https://p.scdn.co/mp3-preview/15039dc7313cff8a225b70012e4932040eedcfa3?cid=b3cdb16d0df2409abf6a8f6c2f6c2e0c,0.0302,168.455,4.0,https://api.spotify.com/v1/tracks/1ovu8lOVW8uD5FjWICAxpy,1ovu8lOVW8uD5FjWICAxpy,0.272,1993-03-22,The Hollies,folk,1993.0
5hW4L92KnC6dX9t7tYM4Ve,0.782,0.515,1.0,216240.0,0.31,https://api.spotify.com/v1/tracks/1AzhyJpGjqsBJpoKHqj5BB,1AzhyJpGjqsBJpoKHqj5BB,2.94e-06,8.0,0.076,-12.616,"
The sleepless nights
The daily fights
The quick toboggan when you reach the heights
I miss the kisses and I miss the bites
I wish I were in love again
The broken dates
The endless waits
The lovely loving and the hateful hates
The conversations with the flying plates
I wish I were in love again
No more pain
No no more strain
Now I'm sane
But I'd rather be punch drunk
The flying fur of cat and cur
The fine mismatching of a him and her
I've learned my lesson but
I wish I were in love again
The furtive sigh
The blackened eye
The words I love you 'til the day I die
The self-deception that believes that lie
I wish I were in love again
When love congeals
It soon reveals
The faint aroma of performing seals
The double-crossing of a pair of heels
I wish I were in love again
No more care
No more despair
Now I'm all there
But I'd rather be punch drunk
Believe me sir, I much prefer
The classic battle of a him and her
I don't like quiet and I wish I were
In love again
In love again
",1.0,I Wish I Were In Love Again,This Is Joni Mitchell,https://p.scdn.co/mp3-preview/c943fbdb012c3089f03b42309876848c3614c063?cid=b3cdb16d0df2409abf6a8f6c2f6c2e0c,0.0467,122.961,4.0,https://api.spotify.com/v1/tracks/1AzhyJpGjqsBJpoKHqj5BB,1AzhyJpGjqsBJpoKHqj5BB,0.279,2000-03-20,Joni Mitchell,folk,2000.0
5hW4L92KnC6dX9t7tYM4Ve,0.858,0.172,1.0,268027.0,0.177,https://api.spotify.com/v1/tracks/0fJ561ClK3pIJBr0c6dtUX,0fJ561ClK3pIJBr0c6dtUX,0.0503,2.0,0.344,-15.243,"
At last, my love has come along
My lonely days are over, and life is like a song
At last,the skies above are blue
My heart was wrapped in clover
The night I looked at you
I found a dream that I could speak to
A dream that I could call my own
I found a thrill to press my cheek to
A thrill I'd never known
You smiled, and then the spell was cast
And here we are in Heaven, for you are mine at last
I found a dream that I could speak to
A dream that I could call my own
I found a thrill to press my cheek to
A thrill that I had never known
You smiled, and then the spell was cast
And here we are in Heaven
For you are mine at last
",1.0,At Last,This Is Joni Mitchell,https://p.scdn.co/mp3-preview/8f9ed1558cd812e3ceff627f1c2ee2b75ea1b2bf?cid=b3cdb16d0df2409abf6a8f6c2f6c2e0c,0.0321,179.51,3.0,https://api.spotify.com/v1/tracks/0fJ561ClK3pIJBr0c6dtUX,0fJ561ClK3pIJBr0c6dtUX,0.0921,2000-03-20,Joni Mitchell,folk,2000.0
5hW4L92KnC6dX9t7tYM4Ve,0.946,0.214,1.0,352827.0,0.109,https://api.spotify.com/v1/tracks/41JlTwBvRReaitzs36quB9,41JlTwBvRReaitzs36quB9,0.132,8.0,0.122,-16.214,"

Just before our love got lost you said
""I am as constant as a northern star""
And I said, ""Constantly in the darkness
Where's that at?
If you want me I'll be in the bar""
On the back of a cartoon coaster
In the blue TV screen light
I drew a map of Canada
Oh, Canada
With your face sketched on it twice

Oh, you are in my blood like holy wine
You taste so bitter and so sweet
Oh, I could drink a case of you, darling
And I would still be on my feet
Oh, I would still be on my feet

Oh, I am a lonely painter
I live in a box of paints
I'm frightened by the devil
And I'm drawn to those ones that ain't afraid
I remember that time you told me, you said
""Love is touching souls""
Surely you touched mine
'Cause part of you pours out of me
In these lines from time to time

Oh, you are in my blood like holy wine
You taste so bitter and so sweet
Oh, I could drink a case of you, darling
Still I'd be on my feet
I would still be on my feet

I met a woman
She had a mouth like yours
She knew your life
She knew your devils and your deeds
And she said
""Go to him, stay with him if you can
But be prepared to bleed""

Oh, but you are in my blood, you are my holy wine
You're so bitter, bitter and so sweet
Oh, I could drink a case of you, darling
Still I'd be on my feet
I would still be on my feet
",1.0,A Case Of You,This Is Joni Mitchell,https://p.scdn.co/mp3-preview/0ec22be53b09f89396bf932f7f3a5537986e58b3?cid=b3cdb16d0df2409abf6a8f6c2f6c2e0c,0.0332,86.533,4.0,https://api.spotify.com/v1/tracks/41JlTwBvRReaitzs36quB9,41JlTwBvRReaitzs36quB9,0.148,2000-03-20,Joni Mitchell,folk,2000.0
5hW4L92KnC6dX9t7tYM4Ve,0.792,0.423,1.0,269440.0,0.307,https://api.spotify.com/v1/tracks/1BHXcIIAqAHO1EHMjYBqSM,1BHXcIIAqAHO1EHMjYBqSM,7.52e-05,11.0,0.25,-9.461,"
Comes a rain storm
Put your rubbers on your feet
Comes a snow storm
You can get a little heat
Comes love
Nothing can be done
Comes a fire
Firemen come and rescue me
Blow a tire
You can patch the inner tube
Comes love
Nothing can be done
Don't try hidin'
'Cause it isn't any use
You'll just start slidin'
When your heart turns on the juice
Comes a heat wave
You can hurry to the store
Come a summons
Hide yourself behind a door
Comes love
Nothing can be done
Comes a headache
You can lose it in a day
Comes a toothache
See your dentist right away
Comes love
Nothing can be done
Comes the measles
You can quarrantine the room
Comes a mousie
You can chase it with a broom
Comes love
Nothing can be done
That's all brother
If you've ever been in love
That's all brother
And you know just what I'm speakin' of
Comes a nightmare
You can always stay awake
Comes depression
You could get another break
Comes love
Nothing can be done
Nothing can be done
",0.0,Comes Love,This Is Joni Mitchell,https://p.scdn.co/mp3-preview/fe193d212ee6f2c377644d2b7f5f4365a336ee05?cid=b3cdb16d0df2409abf6a8f6c2f6c2e0c,0.0327,127.497,3.0,https://api.spotify.com/v1/tracks/1BHXcIIAqAHO1EHMjYBqSM,1BHXcIIAqAHO1EHMjYBqSM,0.172,2000-03-20,Joni Mitchell,folk,2000.0
1sXbwvCQLGZnaH0Jp2HTVc,0.73,0.684,1.0,216133.0,0.405,https://api.spotify.com/v1/tracks/6VK0IGRSon5Z0EcFEgbZAM,6VK0IGRSon5Z0EcFEgbZAM,0.0,2.0,0.249,-9.48,"
(Alberto Dominguez)
Besame tu a mi
Besame igual que mi boca te beso
Dame el frenesi
Que mi locura te dio
Quien si no fui yo
Pudo ensenarte el camino del amor
Muerta mi altivez
Cuando mi orgullo rodo
A tu pies
Quiero que vivas solo para mi
Y que tu vayas por donde yo voy
Para que mi alma sea nomas de ti
Besame con frenesi
Dame la luz que tiene tu mirar
Y la ansiedad que entre tus labios vi
Esa locura de vivir y amar
Que es mas que amor frenesi
Hay en el beso que te di
Alma piedad corazon
Dime que sabes tu sentir
Lo mismo que siento yo
Quiero que vivas solo para mi
Y que tu vayas pro donde yo voy
Para que mi alma sea nomas de ti
Besame con frenesi
Hay en el beso que te di
Alma piedad corazon
Dime que sabes tu sentir
Lo mismo que siento yo
Quiero que vivas solo para mi
Y que tu vayas pro donde yo voy
Para que mi alma sea nomas de ti
Besame con frenesi
Besame con frenesi
Besame con frenesi

Kiss me
Kiss me the way my mouth kissed you
Give me the frenzy
That my madness gave you
Who if not I
Could teach you the road to love
My pride died
When it tumbled
At your feet
I want you to live just for me
And go where I go
So that my soul belongs only to you
Kiss me with a frenzy
Give me the light of your gaze
And the trembling of your lips
That madness of living and loving
That is more a frenzy than love
In the kiss that I gave you there is
Soul, piety, heart
Tell me that you know how to feel
The same way I feel
I want you to live just for me
And go where I go
So that my soul belongs only to you
Kiss me with a frenzy
",1.0,Frenesi (Frenzy),Boleros Pop,https://p.scdn.co/mp3-preview/c24be98ef4d357f29c3f2700369d6a76ad3eebb9?cid=b3cdb16d0df2409abf6a8f6c2f6c2e0c,0.0421,114.597,4.0,https://api.spotify.com/v1/tracks/6VK0IGRSon5Z0EcFEgbZAM,6VK0IGRSon5Z0EcFEgbZAM,0.624,1992-08-11,Linda Ronstadt,folk,1992.0
7tjbDPvrdvDshcpEMXKRVb,0.0726,0.519,1.0,247796.0,0.52,https://api.spotify.com/v1/tracks/3V0KAM7TeDAyVUzt6DO59p,3V0KAM7TeDAyVUzt6DO59p,9.07e-05,8.0,0.32,-9.51,"
Winding your way down on Baker Street
Light in your head and dead on your feet
Well, another crazy day
You'll drink the night away
And forget about everything
This city desert makes you feel so cold
It's got so many people, but it's got no soul
And it's taken you so long
To find out you were wrong
When you thought it held everything
You used to think that it was so easy
You used to say that it was so easy
But you're trying, you're trying now
Another year and then you'd be happy
Just one more year and then you'd be happy
But you're crying, you're crying now
Way down the street there's a light in his place
He opens the door, he's got that look on his face
And he asks you where you've been
You tell him who you've seen
And you talk about anything
He's got this dream about buying some land
He's gonna give up the booze and the one-night stands
And then he'll settle down
In some quiet little town
And forget about everything
But you know he'll always keep moving
You know he's never gonna stop moving
'Cause he's rolling, he's the rolling stone
And when you wake up, it's a new morning
The sun is shining, it's a new morning
And you're going, you're going home
",1.0,Baker Street - Edit,Made in Scotland,https://p.scdn.co/mp3-preview/cd159816f401d084319db6be557de81618992ddb?cid=b3cdb16d0df2409abf6a8f6c2f6c2e0c,0.0387,120.565,4.0,https://api.spotify.com/v1/tracks/3V0KAM7TeDAyVUzt6DO59p,3V0KAM7TeDAyVUzt6DO59p,0.478,1998,Gerry Rafferty,folk,1998.0
74ASZWbe4lXaubB36ztrGX,0.028,0.452,1.0,214800.0,0.78,https://api.spotify.com/v1/tracks/5xNE6bGRS65lxMEBIl6xbT,5xNE6bGRS65lxMEBIl6xbT,0.000716,7.0,0.0662,-11.035,"

Gone walk down that dirt road, ’til someone lets me ride
Gone walk down that dirt road, ’til someone lets me ride
If I can’t find my baby, I’m gonna run away and hide

I have been pacing around the room hoping maybe she’d come back
Pacing around the room hoping maybe she’d come back
Well, I have been praying for salvation laying ’round in a one-room country shack

Gone walk down that dirt road until my eyes begin to bleed
Gone walk down that dirt road until my eyes begin to bleed
’Till there’s nothing left to see, ’tell the chains have been shattered
And I’ve been freed

I been looking at my shadow, I have been watching the colors up above
Looking at my shadow watching the colors up above
Rolling through the rain and hail, looking for the sunny side of love

Gone walk on down that dirt road ’till I’m right beside the sun
Gone walk on down until I’m right beside the sun
I’m gonna have to put up a barrier to keep myself away from everyone
",1.0,Dirt Road Blues,Blues Masters,https://p.scdn.co/mp3-preview/7c8671818d8da1b4af4530bebc081d0f568bc90a?cid=b3cdb16d0df2409abf6a8f6c2f6c2e0c,0.0719,98.312,4.0,https://api.spotify.com/v1/tracks/5xNE6bGRS65lxMEBIl6xbT,5xNE6bGRS65lxMEBIl6xbT,0.456,1997-09-30,Bob Dylan,folk,1997.0
74ASZWbe4lXaubB36ztrGX,0.95,0.521,1.0,178267.0,0.167,https://api.spotify.com/v1/tracks/4unBfoXJZVyDcoFe9i4LAN,4unBfoXJZVyDcoFe9i4LAN,0.0,7.0,0.196,-11.239,"
Como Nicolas Cage en Leaving las Vegas
Veo caer la nieve en la hierba
Un Robinson en una isla desierta
Como Nicolas Cage en Leaving las Vegas
Soy el invierno contra tu primavera
Un Dorian Gray sin pasado ni patria ni bandera
Será tu voz, será el licor
Serán las luces de esta habitación
Será el poder de una canción
Pero esta noche moriría por vos
Será el champagne, será el color de tus ojos verdes
De ciencia ficción
La última cena para los dos
Pero esta noche moriría por vos
Como Nicolas Cage en Leaving las Vegas
No tengo planes más allá de esta cena
Es un misterio hacia dónde la noche nos lleva
Como Nicolas Cage en Leaving las Vegas
Vamos, mi niño, a perder la cabeza
Como si fuera nuestro último día en la Tierra
Será tu voz, será el licor
Serán las luces de esta habitación
Será que suena Marquee Moon
Pero esta noche moriría por vos
Será el champagne, será el color de tus ojos verdes
De ciencia ficción
La ultima cena para los dos
Pero esta noche moriría por vos
",1.0,The Times They Are A-Changin' - Witmark Demo - 1963,El Desamor,https://p.scdn.co/mp3-preview/3352ef0a1926c043685ee94f5b7d100423e6a4e3?cid=b3cdb16d0df2409abf6a8f6c2f6c2e0c,0.0413,148.901,3.0,https://api.spotify.com/v1/tracks/4unBfoXJZVyDcoFe9i4LAN,4unBfoXJZVyDcoFe9i4LAN,0.399,1991-03-26,Bob Dylan,folk,1991.0
5hW4L92KnC6dX9t7tYM4Ve,0.846,0.674,1.0,244533.0,0.224,https://api.spotify.com/v1/tracks/2zTlByELcZXPeLYxFLf66e,2zTlByELcZXPeLYxFLf66e,0.00975,6.0,0.099,-13.862,"
I was an unmarried girl
I'd just turned twenty-seven
When they sent me to the sisters
For the way men looked at me
Branded as a jezebel
I knew I was not bound for Heaven
I'd be cast in shame
Into the Magdalene laundries
Most girls come here pregnant
Some by their own fathers
Bridget got that belly
By her parish priest
We're trying to get things white as snow
All of us woe-begotten-daughters
In the streaming stains
Of the Magdalene laundries
Prostitutes and destitutes
And temptresses like me--
Fallen women--
Sentenced into dreamless drudgery ...
Why do they call this heartless place
Our Lady of Charity?
Oh charity!
These bloodless brides of Jesus
If they had just once glimpsed their groom
Then they'd know, and they'd drop the stones
Concealed behind their rosaries
They wilt the grass they walk upon
They leech the light out of a room
They'd like to drive us down the drain
At the Magdalene laundries
Peg O'Connell died today
She was a cheeky girl
A flirt
They just stuffed her in a hole!
Surely to God you'd think at least some bells should ring!
One day I'm going to die here too
And they'll plant me in the dirt
Like some lame bulb
That never blooms come any spring
Not any spring
No, not any spring
Not any spring
",0.0,The Magdalene Laundries,This Is Joni Mitchell,https://p.scdn.co/mp3-preview/ef4adf833f5e5ff520f6847eb1390cdadbd53a80?cid=b3cdb16d0df2409abf6a8f6c2f6c2e0c,0.0339,120.162,4.0,https://api.spotify.com/v1/tracks/2zTlByELcZXPeLYxFLf66e,2zTlByELcZXPeLYxFLf66e,0.146,1994-10-25,Joni Mitchell,folk,1994.0
0nJUwPwC9Ti4vvuJ0q3MfT,0.817,0.583,1.0,307627.0,0.153,https://api.spotify.com/v1/tracks/6KmiweFGFsikXW0GnA3oXQ,6KmiweFGFsikXW0GnA3oXQ,0.000259,11.0,0.113,-14.256,"
I am an old woman named after my mother
My old man is another child that's grown old
If dreams were lightning, thunder were desire
This old house would have burnt down a long time ago

Make me an angel that flies from Montgomery
Make me a poster of an old rodeo
Just give me one thing that I can hold on to
To believe in this living is just a hard way to go
When I was a young girl well, I had me a cowboy
He weren't much to look at, just free rambling man
But that was a long time and no matter how I try
The years just flow by like a broken down dam

Make me an angel that flies from Montgomery
Make me a poster of an old rodeo
Just give me one thing that I can hold on to
To believe in this living is just a hard way to go
There's flies in the kitchen. I can hear 'em, they're buzzing
And I ain't done nothing since I woke up today
How the hell can a person go to work in the morning
And come home in the evening and have nothing to say

Make me an angel that flies from Montgomery
Make me a poster of an old rodeo
Just give me one thing that I can hold on to
To believe in this living is just a hard way to go
",1.0,Angel from Montgomery,This Is Us,https://p.scdn.co/mp3-preview/bbc98d98a967c20d35c6e1b1b3a9a6bb003627f4?cid=b3cdb16d0df2409abf6a8f6c2f6c2e0c,0.0362,122.626,4.0,https://api.spotify.com/v1/tracks/6KmiweFGFsikXW0GnA3oXQ,6KmiweFGFsikXW0GnA3oXQ,0.181,2000-10-31,John Prine,folk,2000.0
5hW4L92KnC6dX9t7tYM4Ve,0.892,0.616,1.0,258173.0,0.153,https://api.spotify.com/v1/tracks/5QUBmoVPLT25eaeesozYrf,5QUBmoVPLT25eaeesozYrf,0.00976,4.0,0.0954,-18.705,"
The story hit the news
From coast to coast
They said you beat the girl
You loved the most
Your charitable acts
Seemed out of place
With the beauty
With your fist marks on her face
Your buddies all stood by
They bet their fortunes
And their fame
That she was out of line
And you were not to blame
Six hundred thousand doctors
Are putting on rubber gloves
And they're poking
At the miseries made of love
They say they're learning
How to spot
The battered wives
Among all the women
They see bleeding through their lives
I bleed--
For your perversity--
These red words that make a stain
On your white-washed claim that
She was out of line
And you were not to blame
I heard your baby say
When he was only three
""Daddy, let's get some girls
One for you and one for me.""
His mother had the frailty
You despise
And the looks
You love to drive to suicide
Not one wet eye around
Her lonely little grave
Said, ""He was out of line girl
You were not to blame.""
",1.0,Not To Blame,This Is Joni Mitchell,https://p.scdn.co/mp3-preview/808ef2b3faec50dd28bb9a53f9686bb7d0e32574?cid=b3cdb16d0df2409abf6a8f6c2f6c2e0c,0.0314,105.832,4.0,https://api.spotify.com/v1/tracks/5QUBmoVPLT25eaeesozYrf,5QUBmoVPLT25eaeesozYrf,0.112,1994-10-25,Joni Mitchell,folk,1994.0
74ASZWbe4lXaubB36ztrGX,0.817,0.547,1.0,339280.0,0.244,https://api.spotify.com/v1/tracks/2BVbaynYJhYnepYn5n7san,2BVbaynYJhYnepYn5n7san,0.000122,2.0,0.125,-13.815,"

Delia was a gambling girl, gambled all around
Delia was a gambling girl, she laid her money down
All the friends I ever had are gone

Delia's dear ol' mother took a trip out West
When she returned, little Delia gone to rest
All the friends I ever had are gone

Delia's daddy weeped, Delia's momma moaned
Wouldn't have been so bad if the poor girl died at home
All the friends I ever had are gone

Curtis' looking high, Curtis' looking low
He shot poor Delia down with a cruel forty-four
All the friends I ever had are gone

High up on the housetops, high as I can see
Looking for them rounders, looking out for me
All the friends I ever had are gone

Men in Atlanta, tryin' to pass for white
Delia's in the graveyard, boys, six feet out of sight
All the friends I ever had are gone

Judge says to Curtis, ""What's this noise about?""
""All about them rounders, Judge, tryin' to cut me out.""
All the friends I ever had are gone

Curtis said to the judge, ""What might be my fine?""
Judge says, ""Poor boy, you got ninety-nine.""
All the friends I ever had are gone

Curtis' in the jail house, drinking from an old tin cup
Delia's in the graveyard, she ain't gettin' up
All the friends I ever had are gone

Delia, oh Delia, how can it be?
You loved all them rounders, never did love me
All the friends I ever had are gone
",1.0,Delia,Bob Dylan: Covered,https://p.scdn.co/mp3-preview/df042a0d29592e2cc9f134593d11c24517de4335?cid=b3cdb16d0df2409abf6a8f6c2f6c2e0c,0.0309,148.663,4.0,https://api.spotify.com/v1/tracks/2BVbaynYJhYnepYn5n7san,2BVbaynYJhYnepYn5n7san,0.521,1993-10-26,Bob Dylan,folk,1993.0
3RTzAwFprBqiskp550eSJX,0.172,0.497,1.0,169907.0,0.4,https://api.spotify.com/v1/tracks/1gbZFGDPMsF9ssbTtFhfbk,1gbZFGDPMsF9ssbTtFhfbk,5.13e-06,4.0,0.164,-14.178,"
Everybody's talking at me
I don't hear a word they're saying
Only the echoes of my mind
People stopping, staring
I can't see their faces
Only the shadows of their eyes
I'm going where the sun keeps shining
Through the pouring rain
Going where the weather suits my clothes
Banking off of the northeast winds
Sailing on a summer breeze
And skipping over the ocean like a stone
Wah, wah wah-wah wah
Wah-wah wah-wah, wah wah-wah
Wahhh
I'm going where the sun keeps shining
Through the pouring rain
Going where the weather suits my clothes
Banking off of the northeast winds
Sailing on a summer breeze
And skipping over the ocean like a stone
Everybody's talking at me
Can't hear a word they're saying
Only the echoes of my mind
I won't let you leave my love behind
No, I won't let you leave
Wah, wah
I won't let you leave my love behind
",1.0,"Everybody's Talkin' - From ""Midnight Cowboy""",Musikpolisen,https://p.scdn.co/mp3-preview/0a35110d1257d335ab382d015b9edba10da72a96?cid=b3cdb16d0df2409abf6a8f6c2f6c2e0c,0.0332,124.72,4.0,https://api.spotify.com/v1/tracks/1gbZFGDPMsF9ssbTtFhfbk,1gbZFGDPMsF9ssbTtFhfbk,0.654,1995,Harry Nilsson,folk,1995.0
74ASZWbe4lXaubB36ztrGX,0.897,0.576,1.0,229253.0,0.394,https://api.spotify.com/v1/tracks/2Rfqmai5wESjBpmj9SP7cs,2Rfqmai5wESjBpmj9SP7cs,0.104,7.0,0.159,-12.74,"
Frankie was a good girl
Everybody knows
Paid one hundred dollars
For Albert's new suite of clothes
He was her man but he done her wrong
Albert said, ""I'm leaving you
Won't be gone for long
Don't wait up for me
Or worry about me when I'm gone""
He was her man but he done her wrong
Frankie went down to the corner saloon
Get a bucket of beer
Said to the bartender
""Has my lovin' man been here?""
He was her man but he done her wrong
""Well, I ain't gonna tell you no stories
I ain't gonna tell you no lies
I saw Albert an hour ago
With a gal named Alice Bly""
He was her man but he done her wrong
Frankie went down to 12th street
Lookin' up through the window high
She saw her Albert there
Lovein' up Alice Bly
He was her man but he done her wrong
Frankie pulled out a pistol
Pulled out a forty-four
Gun went off a rootie-toot-toot
And Albert fell on the floor
He was her man but he done her wrong
Frankie got down upon her knees
Took Albert into her lap
Started to hug and kiss him
But there was no bringin' him back
He was her man but he done her wrong
""Gimme a thousand policemen
Throw me into a cell
I shot my Albert dead
And now I'm goin' to hell
He was her man but he done me wrong""
Judge said to the jury
""plain as a thing can be
A woman shot her lover down
Murder in the second degree""
He was her man but he done her wrong
Frankie went to the scaffold
Calm as a girl could be
Turned her eyes up towards the heavens
Said, ""nearer, my god, to thee""
He was her man but he done her wrong
",1.0,Frankie & Albert,Bob Dylan: Covered,https://p.scdn.co/mp3-preview/c52f65198609c26806375e6e73ed59a6c7017799?cid=b3cdb16d0df2409abf6a8f6c2f6c2e0c,0.0294,106.752,4.0,https://api.spotify.com/v1/tracks/2Rfqmai5wESjBpmj9SP7cs,2Rfqmai5wESjBpmj9SP7cs,0.797,1992-10-27,Bob Dylan,folk,1992.0
1sXbwvCQLGZnaH0Jp2HTVc,0.666,0.329,1.0,260667.0,0.106,https://api.spotify.com/v1/tracks/6HCbtJCgv3guNNVP14vK1x,6HCbtJCgv3guNNVP14vK1x,7.9e-05,9.0,0.114,-15.899,"
LINDA RONSTADT
",0.0,Ta Ta Dios (Father God),Día de Muertos,https://p.scdn.co/mp3-preview/d6d9f1cf59fb83833b255cb2ce9078c7dc9ced64?cid=b3cdb16d0df2409abf6a8f6c2f6c2e0c,0.0347,186.714,3.0,https://api.spotify.com/v1/tracks/6HCbtJCgv3guNNVP14vK1x,6HCbtJCgv3guNNVP14vK1x,0.271,1991-11-05,Linda Ronstadt,folk,1991.0
